{"cameraMode":{"drawMode":0,"name":"Shaded","section":"Shading Mode"},"sceneLighting":true,"audioPlay":false,"sceneViewState":{"showFog":false,"showMaterialUpdate":false,"showSkybox":false,"showFlares":false,"showImageEffects":false,"showParticleSystems":false},"in2DMode":false,"pivot":{"x":0.11533641815185547,"y":3.2899999618530275,"z":10.920000076293946},"rotation":{"x":-0.19695422053337098,"y":0.023801585659384729,"z":-0.0047838580794632439,"w":-0.9801170825958252},"size":6.860084533691406,"orthographic":false}